GemmTunableOp_BFloat16_TN,tn_4096_4096_4096_ld_4096_4096_4096
GemmTunableOp_BFloat16_TN,tn_512_4096_4096_ld_4096_4096_512
GemmTunableOp_BFloat16_TN,tn_14336_4096_4096_ld_4096_4096_14336
GemmTunableOp_BFloat16_TN,tn_4096_4096_14336_ld_14336_14336_4096
GemmTunableOp_BFloat16_TN,tn_131072_4096_4096_ld_4096_4096_131072
GemmTunableOp_BFloat16_NN,nn_4096_131072_4096_ld_4096_4096_4096
GemmTunableOp_BFloat16_NN,nn_4096_4096_131072_ld_4096_131072_4096
GemmTunableOp_BFloat16_NT,nt_14336_4096_4096_ld_14336_4096_14336
GemmTunableOp_BFloat16_NN,nn_14336_4096_4096_ld_14336_4096_14336
GemmTunableOp_BFloat16_NT,nt_4096_14336_4096_ld_4096_14336_4096
GemmTunableOp_BFloat16_NN,nn_4096_4096_14336_ld_4096_14336_4096
GemmTunableOp_BFloat16_NT,nt_4096_4096_4096_ld_4096_4096_4096
GemmTunableOp_BFloat16_NN,nn_4096_4096_4096_ld_4096_4096_4096
GemmTunableOp_BFloat16_NT,nt_4096_512_4096_ld_4096_512_4096
GemmTunableOp_BFloat16_NN,nn_4096_4096_512_ld_4096_512_4096
